corpus_id,file_id,token_id,sentence,token,begin,end
bible,EZE,31:18:00,To whom are you thus like in glory and in greatness among the trees of Eden?,greatness,42,51
bible,EZE,33:13:00,"When I tell the righteous, that he shall surely live; if he trust to his righteousness, and commit iniquity, none of his righteous deeds shall be remembered; but in his iniquity that he has committed, therein shall he die.",deeds,131,136
bible,JER,36:06:00,"therefore you go, and read in the scroll, which you have written from my mouth, the words of Yahweh in the ears of the people in Yahweh's house on the fast day; and also you shall read them in the ears of all Judah who come out of their cities.",Judah,209,214
bible,ECC,10:06,"Folly is set in great dignity, and the rich sit in a low place.",Folly,0,5
bible,PSA,90:10:00,"The days of our years are seventy, or even by reason of strength eighty years; yet their pride is but labor and sorrow, for it passes quickly, and we fly away.",sorrow,112,118
bible,MAL,01:14,"""But the deceiver is cursed, who has in his flock a male, and vows, and sacrifices to the Lord a blemished thing; for I am a great King,"" says Yahweh of Armies, ""and my name is awesome among the nations.""",flock,44,49
bible,1TI,02:08,"I desire therefore that the men in every place pray, lifting up holy hands without anger and doubting.",pray,47,51
bible,JER,05:25,"""Your iniquities have turned away these things, and your sins have withheld good from you.",iniquities,6,16
bible,JDG,19:01,"It happened in those days, when there was no king in Israel, that there was a certain Levite living on the farther side of the hill country of Ephraim, who took to him a concubine out of Bethlehem Judah.",concubine,170,179
bible,REV,21:20,"the fifth, sardonyx; the sixth, sardius; the seventh, chrysolite; the eighth, beryl; the ninth, topaz; the tenth, chrysoprasus; the eleventh, jacinth; and the twelfth, amethyst.",topaz,96,101
bible,LAM,01:09,"Her filthiness was in her skirts; she didn't remember her latter end; therefore is she come down wonderfully; she has no comforter: see, Yahweh, my affliction; for the enemy has magnified himself.",filthiness,4,14
bible,LEV,21:07,"""'They shall not marry a woman who is a prostitute, or profane; neither shall they marry a woman divorced from her husband: for he is holy to his God.",prostitute,40,50
bible,JAM,02:03,"and you pay special attention to him who wears the fine clothing, and say, ""Sit here in a good place""; and you tell the poor man, ""Stand there,"" or ""Sit by my footstool"";",clothing,56,64
bible,1KI,20:21,"The king of Israel went out, and struck the horses and chariots, and killed the Syrians with a great slaughter.",chariots,55,63
bible,MAL,04:06,"He will turn the hearts of the fathers to the children, and the hearts of the children to their fathers, lest I come and strike the earth with a curse.""",earth,132,137
bible,2KI,23:07,"He broke down the houses of the sodomites, that were in the house of Yahweh, where the women wove hangings for the Asherah.",hangings,98,106
bible,NAH,01:06,Who can endure the fierceness of his anger?,fierceness,57,67
bible,JER,48:40:00,"For thus says Yahweh: Behold, he shall fly as an eagle, and shall spread out his wings against Moab.",eagle,49,54
bible,ACT,11:24,"For he was a good man, and full of the Holy Spirit and of faith, and many people were added to the Lord.",faith,58,63
bible,EZE,21:13,For there is a trial; and what if even the rod that condemns shall be no more?,rod,43,46
bible,LAM,01:01,"She has become as a widow, who was great among the nations!",widow,73,78
bible,MAT,01:05,Obed became the father of Jesse.,Jesse,109,114
bible,PSA,85:07:00,Grant us your salvation.,salvation,52,61
bible,DEU,32:17:00,"They sacrificed to demons, not God, to gods that they didn't know, to new gods that came up recently, which your fathers didn't dread.",demons,19,25
bible,2CH,10:18,"Then king Rehoboam sent Hadoram, who was over the men subject to forced labor; and the children of Israel stoned him to death with stones.",labor,72,77
bible,LEV,03:06,"""'If his offering for a sacrifice of peace offerings to Yahweh is from the flock; male or female, he shall offer it without blemish.",blemish,124,131
bible,ACT,02:46,"Day by day, continuing steadfastly with one accord in the temple, and breaking bread at home, they took their food with gladness and singleness of heart,",singleness,133,143
bible,NUM,29:37:00,"their meal offering and their drink offerings for the bull, for the ram, and for the lambs, shall be according to their number, after the ordinance:",lambs,85,90
bible,DAN,03:15,"Now if you are ready whenever you hear the sound of the horn, flute, zither, lyre, harp, pipe, and all kinds of music to fall down and worship the image which I have made, [well]: but if you don't worship, you shall be cast the same hour into the midst of a burning fiery furnace; and who is that god that shall deliver you out of my hands?",lyre,77,81
bible,ROM,07:08,"But sin, finding occasion through the commandment, produced in me all kinds of coveting.",occasion,17,25
bible,EZE,07:07,"Your doom has come to you, inhabitant of the land: the time has come, the day is near, a day of tumult, and not of joyful shouting, on the mountains.",inhabitant,27,37
bible,2CH,09:05,"She said to the king, ""It was a true report that I heard in my own land of your acts, and of your wisdom.",acts,80,84
bible,MAT,24:07:00,"For nation will rise against nation, and kingdom against kingdom; and there will be famines, plagues, and earthquakes in various places.",famines,84,91
bible,LAM,03:13,He has caused the shafts of his quiver to enter into my kidneys.,quiver,32,38
bible,LEV,21:07,"""'They shall not marry a woman who is a prostitute, or profane; neither shall they marry a woman divorced from her husband: for he is holy to his God.",profane,55,62
bible,JDG,08:07,"Gideon said, ""Therefore when Yahweh has delivered Zebah and Zalmunna into my hand, then I will tear your flesh with the thorns of the wilderness and with briers.""",wilderness,134,144
bible,2SA,02:16,"They each caught his opponent by the head, and thrust his sword in his fellow's side; so they fell down together: therefore that place was called Helkath Hazzurim, which is in Gibeon.",head,37,41
bible,ISA,02:10,"Enter into the rock, and hide in the dust, from before the terror of Yahweh, and from the glory of his majesty.",majesty,103,110
bible,LUK,22:13,"They went, found things as he had told them, and they prepared the Passover.",Passover,67,75
bible,2KI,17:07,"It was so, because the children of Israel had sinned against Yahweh their God, who brought them up out of the land of Egypt from under the hand of Pharaoh king of Egypt, and had feared other gods,",gods,191,195
bible,2CO,03:08,won't service of the Spirit be with much more glory?,glory,46,51
bible,1SA,23:18,"They both made a covenant before Yahweh: and David stayed in the woods, and Jonathan went to his house.",Jonathan,76,84
bible,2CH,32:24:00,"In those days Hezekiah was sick even to death: and he prayed to Yahweh; and he spoke to him, and gave him a sign.",Hezekiah,14,22
bible,GEN,27:46:00,"Rebekah said to Isaac, ""I am weary of my life because of the daughters of Heth.",Rebekah,0,7
bible,LUK,23:34,"Jesus said, ""Father, forgive them, for they don't know what they are doing.""",Father,13,19
bible,1SA,17:28,"I know your pride, and the naughtiness of your heart; for you have come down that you might see the battle.""",naughtiness,226,237
bible,JER,16:11,"Then you shall tell them, Because your fathers have forsaken me, says Yahweh, and have walked after other gods, and have served them, and have worshiped them, and have forsaken me, and have not kept my law;",gods,106,110
bible,LUK,05:07,"They came, and filled both boats, so that they began to sink.",boats,115,120
bible,1CH,29:04:00,"even three thousand talents of gold, of the gold of Ophir, and seven thousand talents of refined silver, with which to overlay the walls of the houses;",Ophir,52,57
bible,2SA,01:04,"He answered, ""The people have fled from the battle, and many of the people also have fallen and are dead; and Saul and Jonathan his son are dead also.""",battle,96,102
bible,EZE,35:14:00,"Thus says the Lord Yahweh: When the whole earth rejoices, I will make you desolate.",rejoices,48,56
bible,ACT,26:11:00,"Punishing them often in all the synagogues, I tried to make them blaspheme.",synagogues,32,42
bible,EXO,33:17:00,"Yahweh said to Moses, ""I will do this thing also that you have spoken; for you have found favor in my sight, and I know you by name.""",sight,102,107
bible,JOB,40:15:00,"""See now, behemoth, which I made as well as you.",behemoth,10,18
bible,LEV,14:15,"The priest shall take some of the log of oil, and pour it into the palm of his own left hand.",log,34,37
bible,GEN,31:54:00,"Jacob offered a sacrifice in the mountain, and called his relatives to eat bread.",mountain,33,41
bible,DEU,05:07,"""You shall have no other gods before me.",gods,25,29
bible,ISA,40:23:00,who brings princes to nothing; who makes the judges of the earth like meaningless.,judges,45,51
bible,MAT,18:35,"So my heavenly Father will also do to you, if you don't each forgive your brother from your hearts for his misdeeds.""",hearts,92,98
bible,DAN,04:07,"Then came in the magicians, the enchanters, the Chaldeans, and the soothsayers; and I told the dream before them; but they did not make known to me its interpretation.",soothsayers,67,78
bible,JER,01:10,"Behold, I have this day set you over the nations and over the kingdoms, to pluck up and to break down and to destroy and to overthrow, to build and to plant.""",Behold,0,6
bible,PSA,33:06:00,"By Yahweh's word, the heavens were made; all their army by the breath of his mouth.",breath,63,69
bible,PSA,31:06:00,"I hate those who regard lying vanities, but I trust in Yahweh.",vanities,30,38
bible,NUM,10:29,"Come with us, and we will treat you well; for Yahweh has spoken good concerning Israel.""",Israel,234,240
bible,GEN,09:10,"and with every living creature that is with you: the birds, the livestock, and every animal of the earth with you, of all that go out of the ship, even every animal of the earth.",creature,22,30
bible,LEV,11:16,"the horned owl, the screech owl, and the gull, any kind of hawk,",hawk,59,63
bible,GEN,16:08,"He said, ""Hagar, Sarai's handmaid, where did you come from?",Hagar,10,15
bible,1TI,01:17,"Now to the King eternal, immortal, invisible, to God who alone is wise, be honor and glory forever and ever.",King,11,15
bible,ACT,04:05,"It happened in the morning, that their rulers, elders, and scribes were gathered together in Jerusalem.",scribes,59,66
bible,ZEC,10:03,"My anger is kindled against the shepherds, and I will punish the male goats; For Yahweh of Armies has visited his flock, the house of Judah, and will make them as his majestic horse in the battle.",Armies,91,97
bible,NUM,23:12,"He answered and said, ""Must I not take heed to speak that which Yahweh puts in my mouth?""",mouth,82,87
bible,JAM,02:04,"haven't you shown partiality among yourselves, and become judges with evil thoughts?",partiality,18,28
bible,HOS,07:16,Their princes will fall by the sword for the rage of their tongue.,tongue,126,132
bible,JOS,08:03,"Joshua chose thirty thousand men, the mighty men of valor, and sent them out by night.",valor,112,117
bible,GEN,43:22:00,"We don't know who put our money in our sacks.""",sacks,97,102
bible,JOB,42:12:00,So Yahweh blessed the latter end of Job more than his beginning.,beginning,54,63
bible,MAT,21:12,"Jesus entered into the temple of God, and drove out all of those who sold and bought in the temple, and overthrew the money changers' tables and the seats of those who sold the doves.",seats,149,154
bible,EST,09:10,"the ten sons of Haman the son of Hammedatha, the Jew's enemy, but they didn't lay their hand on the plunder.",hand,88,92
bible,2SA,22:34,"He makes his feet like hinds' feet, and sets me on my high places.",hinds,23,28
bible,ISA,56:11:00,"Yes, the dogs are greedy, they can never have enough; and these are shepherds who can't understand: they have all turned to their own way, each one to his gain, from every quarter.",dogs,9,13
bible,JER,11:05,"that I may establish the oath which I swore to your fathers, to give them a land flowing with milk and honey, as at this day.",fathers,52,59
bible,JUD,01:17,"But you, beloved, remember the words which have been spoken before by the apostles of our Lord Jesus Christ.",apostles,74,82
bible,ISA,10:19,"The remnant of the trees of his forest shall be few, so that a child could write their number.",forest,32,38
bible,LUK,09:36,"When the voice came, Jesus was found alone.",Jesus,21,26
bible,1SA,25:31:00,"that this shall be no grief to you, nor offense of heart to my lord, either that you have shed blood without cause, or that my lord has avenged himself.",offense,40,47
bible,LEV,19:30,"""'You shall keep my Sabbaths, and reverence my sanctuary; I am Yahweh.",Sabbaths,20,28
bible,EXO,21:28,"""If a bull gores a man or a woman to death, the bull shall surely be stoned, and its flesh shall not be eaten; but the owner of the bull shall not be held responsible.",flesh,85,90
bible,LUK,23:49,"All his acquaintances, and the women who followed with him from Galilee, stood at a distance, watching these things.",acquaintances,8,21
bible,JER,36:20:00,They went in to the king into the court; but they had laid up the scroll in the room of Elishama the scribe; and they told all the words in the ears of the king.,scribe,101,107
bible,LAM,03:34,"To crush under foot all the prisoners of the earth,",earth,45,50
bible,EZE,48:14:00,"They shall sell none of it, nor exchange it, nor shall the first fruits of the land be alienated; for it is holy to Yahweh.",exchange,32,40
bible,LUK,16:13,"You aren't able to serve God and mammon .""",mammon,172,178
bible,MIC,02:11,"If a man walking in a spirit of falsehood lies: ""I will prophesy to you of wine and of strong drink""; he would be the prophet of this people.",falsehood,32,41
bible,LUK,21:11,There will be terrors and great signs from heaven.,signs,105,110
bible,1SA,13:02,"Saul chose for himself three thousand men of Israel, of which two thousand were with Saul in Michmash and in the Mount of Bethel, and one thousand were with Jonathan in Gibeah of Benjamin: and the rest of the people he sent every man to his tent.",Bethel,122,128
bible,MAT,15:31,"so that the multitude wondered when they saw the mute speaking, injured whole, lame walking, and blind seeing--and they glorified the God of Israel.",whole,72,77
bible,EZE,14:06,"Therefore tell the house of Israel, Thus says the Lord Yahweh: Return, and turn yourselves from your idols; and turn away your faces from all your abominations.",abominations,147,159
bible,PRO,22:17,"Turn your ear, and listen to the words of the wise.",words,33,38
bible,1SA,25:09:00,"When David's young men came, they spoke to Nabal according to all those words in the name of David, and ceased.",words,72,77
bible,2KI,24:01:00,"In his days Nebuchadnezzar king of Babylon came up, and Jehoiakim became his servant three years: then he turned and rebelled against him.",king,27,31
bible,1KI,07:36,"On the plates of its stays, and on its panels, he engraved cherubim, lions, and palm trees, according to the space of each, with wreaths all around.",stays,21,26
bible,2CH,25:23:00,"Joash king of Israel took Amaziah king of Judah, the son of Joash the son of Jehoahaz, at Beth Shemesh, and brought him to Jerusalem, and broke down the wall of Jerusalem from the gate of Ephraim to the corner gate, four hundred cubits.",cubits,229,235
bible,HEB,01:13,"But which of the angels has he told at any time, ""Sit at my right hand, until I make your enemies the footstool of your feet?""",footstool,102,111
bible,PRO,22:26,"Don't you be one of those who strike hands, of those who are collateral for debts.",debts,76,81
bible,2CO,08:07,"But as you abound in everything, in faith, utterance, knowledge, all earnestness, and in your love to us, see that you also abound in this grace.",earnestness,69,80
bible,MAT,12:38,"Then certain of the scribes and Pharisees answered, ""Teacher, we want to see a sign from you.""",scribes,20,27
bible,LEV,02:05,"If your offering is a meal offering of the griddle, it shall be of unleavened fine flour, mixed with oil.",griddle,43,50
bible,2TH,03:12,"Now those who are that way, we command and exhort in the Lord Jesus Christ, that with quietness they work, and eat their own bread.",bread,125,130
bible,EZE,28:26:00,"They shall dwell securely therein; yes, they shall build houses, and plant vineyards, and shall dwell securely, when I have executed judgments on all those who do them despite all around them; and they shall know that I am Yahweh their God.",vineyards,75,84
bible,2KI,25:02:00,So the city was besieged to the eleventh year of king Zedekiah.,eleventh,32,40
bible,DAN,05:21,"and he was driven from the sons of men, and his heart was made like the animals', and his dwelling was with the wild donkeys; he was fed with grass like oxen, and his body was wet with the dew of the sky; until he knew that the Most High God rules in the kingdom of men, and that he sets up over it whomever he will.",oxen,153,157
bible,EZR,07:01,"Now after these things, in the reign of Artaxerxes king of Persia, Ezra the son of Seraiah, the son of Azariah, the son of Hilkiah,",reign,31,36
bible,EXO,36:34:00,"He overlaid the boards with gold, and made their rings of gold for places for the bars, and overlaid the bars with gold.",rings,49,54
bible,1SA,13:15,"Samuel arose, and went from Gilgal to Gibeah of Benjamin.",Benjamin,48,56
bible,EXO,35:17:00,"the hangings of the court, its pillars, their sockets, and the screen for the gate of the court;",hangings,4,12
bible,EZE,21:23,"It shall be to them as a false divination in their sight, who have sworn oaths to them; but he brings iniquity to memory, that they may be taken.",divination,31,41
bible,2KI,23:04,"The king commanded Hilkiah the high priest, and the priests of the second order, and the keepers of the threshold, to bring forth out of Yahweh's temple all the vessels that were made for Baal, and for the Asherah, and for all the army of the sky, and he burned them outside of Jerusalem in the fields of the Kidron, and carried their ashes to Bethel.",Bethel,344,350
bible,JDG,08:31,"His concubine who was in Shechem, she also bore him a son, and he named him Abimelech.",concubine,4,13
bible,JOH,19:20,"Therefore many of the Jews read this title, for the place where Jesus was crucified was near the city; and it was written in Hebrew, in Latin, and in Greek.",Latin,136,141
bible,DAN,09:02,"in the first year of his reign I, Daniel, understood by the books the number of the years about which the word of Yahweh came to Jeremiah the prophet, for the accomplishing of the desolations of Jerusalem, even seventy years.",books,60,65
bible,LEV,23:27,"""However on the tenth day of this seventh month is the day of atonement: it shall be a holy convocation to you, and you shall afflict yourselves; and you shall offer an offering made by fire to Yahweh.",convocation,92,103
bible,NEH,08:09,"Nehemiah, who was the governor, and Ezra the priest the scribe, and the Levites who taught the people, said to all the people, ""This day is holy to Yahweh your God.",Ezra,36,40
bible,PSA,34:14:00,"seek peace, and pursue it.",peace,36,41
bible,NEH,05:18,"Now that which was prepared for one day was one ox and six choice sheep; also fowls were prepared for me, and once in ten days store of all sorts of wine: yet for all this I didn't demand the bread of the governor, because the bondage was heavy on this people.",governor,205,213
bible,PRO,27:05:00,Better is open rebuke than hidden love.,rebuke,15,21
bible,EXO,36:31:00,"He made bars of acacia wood; five for the boards of the one side of the tabernacle,",boards,42,48
bible,1TI,02:13,"For Adam was first formed, then Eve.",Adam,4,8
bible,1KI,20:32,"So they put sackcloth on their bodies and ropes on their heads, and came to the king of Israel, and said, ""Your servant Ben Hadad says, 'Please let me live.'""",ropes,42,47
bible,JOS,01:11,"""Pass through the midst of the camp, and command the people, saying, 'Prepare food; for within three days you are to pass over this Jordan, to go in to possess the land, which Yahweh your God gives you to possess it.'""",Jordan,132,138
bible,JOH,01:29,"The next day, he saw Jesus coming to him, and said, ""Behold, the Lamb of God, who takes away the sin of the world!",world,108,113
bible,1CH,19:06,"When the children of Ammon saw that they had made themselves odious to David, Hanun and the children of Ammon sent one thousand talents of silver to hire them chariots and horsemen out of Mesopotamia, and out of Arammaacah, and out of Zobah.",Mesopotamia,188,199
bible,GEN,10:02,"The sons of Japheth: Gomer, Magog, Madai, Javan, Tubal, Meshech, and Tiras.",Tubal,49,54
bible,SON,01:17,The beams of our house are cedars.,beams,4,9
bible,ISA,36:02:00,He stood by the aqueduct from the upper pool in the fuller's field highway.,highway,164,171
bible,ACT,19:27,"Not only is there danger that this our trade come into disrepute, but also that the temple of the great goddess Artemis will be counted as nothing, and her majesty destroyed, whom all Asia and the world worships.""",disrepute,55,64
bible,NUM,31:19:00,"""Encamp outside of the camp seven days: whoever has killed any person, and whoever has touched any slain, purify yourselves on the third day and on the seventh day, you and your captives.",person,63,69
bible,LUK,22:14,"When the hour had come, he sat down with the twelve apostles.",apostles,52,60
bible,PRO,16:12,"It is an abomination for kings to do wrong, for the throne is established by righteousness.",throne,52,58
bible,LUK,24:33:00,"They rose up that very hour, returned to Jerusalem, and found the eleven gathered together, and those who were with them,",hour,23,27
bible,LEV,19:04,"""'Don't turn to idols, nor make molten gods for yourselves.",idols,16,21
bible,2KI,09:26,"Surely I have seen yesterday the blood of Naboth, and the blood of his sons, says Yahweh; 'and I will repay you in this plot of ground,' says Yahweh.",yesterday,20,29
bible,1TI,05:10,"being approved by good works, if she has brought up children, if she has been hospitable to strangers, if she has washed the saints' feet, if she has relieved the afflicted, and if she has diligently followed every good work.",strangers,92,101
bible,JOS,02:22,"The pursuers sought them throughout all the way, but didn't find them.",pursuers,103,111
bible,ACT,13:27,"For those who dwell in Jerusalem, and their rulers, because they didn't know him, nor the voices of the prophets which are read every Sabbath, fulfilled them by condemning him.",rulers,44,50
bible,2SA,12:31,"He brought out the people who were therein, and put them under saws, and under iron picks, and under axes of iron, and made them pass through the brick kiln: and he did so to all the cities of the children of Ammon.",picks,84,89
bible,EST,07:08,"As the word went out of the king's mouth, they covered Haman's face.",face,284,288
bible,NUM,15:31,"Because he has despised the word of Yahweh, and has broken his commandment, that soul shall utterly be cut off; his iniquity shall be on him.'""",word,28,32
bible,1SA,14:06,"Jonathan said to the young man who bore his armor, ""Come, and let us go over to the garrison of these uncircumcised.",garrison,84,92
bible,DAN,02:19,Then Daniel blessed the God of heaven.,Daniel,70,76
bible,GEN,43:24:00,He gave their donkeys fodder.,donkeys,108,115
bible,ISA,24:08:00,The mirth of tambourines ceases.,tambourines,13,24
bible,JER,01:17,"""You therefore put your belt on your waist, arise, and speak to them all that I command you.",waist,37,42
bible,MAT,07:29,"for he taught them with authority, and not like the scribes.",authority,24,33
bible,EST,01:18,This will cause much contempt and wrath.,contempt,132,140
bible,GAL,05:02,"Behold, I, Paul, tell you that if you receive circumcision, Christ will profit you nothing.",circumcision,46,58
bible,PSA,68:17:00,The chariots of God are tens of thousands and thousands of thousands.,tens,24,28
bible,JDG,19:14,"So they passed on and went their way; and the sun went down on them near to Gibeah, which belongs to Benjamin.",Benjamin,101,109
bible,2CH,06:42,"Remember your loving kindnesses to David your servant.""",kindnesses,77,87
bible,1SA,26:23:00,"Yahweh will render to every man his righteousness and his faithfulness; because Yahweh delivered you into my hand today, and I wouldn't put forth my hand against Yahweh's anointed.",faithfulness,58,70
bible,ISA,18:02,"that sends ambassadors by the sea, even in vessels of papyrus on the waters, saying, ""Go, you swift messengers, to a nation tall and smooth, to a people awesome from their beginning onward, a nation that measures out and treads down, whose land the rivers divide!""",sea,30,33
bible,1CH,12:15,"These are those who went over the Jordan in the first month, when it had overflowed all its banks; and they put to flight all them of the valleys, both toward the east, and toward the west.",west,184,188
bible,JER,39:01:00,"It happened when Jerusalem was taken, (in the ninth year of Zedekiah king of Judah, in the tenth month, came Nebuchadnezzar king of Babylon and all his army against Jerusalem, and besieged it;",tenth,91,96
bible,JER,52:29:00,in the eighteenth year of Nebuchadnezzar he carried away captive from Jerusalem eight hundred thirty-two persons;,Nebuchadnezzar,26,40
bible,NEH,03:16,"After him, Nehemiah the son of Azbuk, the ruler of half the district of Beth Zur, made repairs to the place opposite the tombs of David, and to the pool that was made, and to the house of the mighty men.",tombs,121,126
bible,PRO,15:33,Before honor is humility.,honor,42,47
bible,ISA,10:24,"Therefore the Lord, Yahweh of Armies, says ""My people who dwell in Zion, don't be afraid of the Assyrian, though he strike you with the rod, and lift up his staff against you, as Egypt did.",Zion,67,71
bible,DEU,28:31:00,"Your ox shall be slain before your eyes, and you shall not eat of it: your donkey shall be violently taken away from before your face, and shall not be restored to you: your sheep shall be given to your enemies, and you shall have none to save you.",enemies,203,210
bible,1KI,06:38,"In the eleventh year, in the month Bul, which is the eighth month, was the house finished throughout all its parts, and according to all its fashion.",fashion,141,148
bible,2TH,01:12,"that the name of our Lord Jesus may be glorified in you, and you in him, according to the grace of our God and the Lord Jesus Christ.",Christ,126,132
bible,ECC,01:18,For in much wisdom is much grief; and he who increases knowledge increases sorrow.,wisdom,12,18
bible,PSA,27:01:00,>> Yahweh is my light and my salvation.,salvation,40,49
bible,SON,04:13,"Your shoots are an orchard of pomegranates, with precious fruits: henna with spikenard plants,",henna,66,71
bible,EXO,06:03,"and I appeared to Abraham, to Isaac, and to Jacob, as God Almighty; but by my name Yahweh I was not known to them.",Isaac,30,35
bible,2TI,04:05,"But you be sober in all things, suffer hardship, do the work of an evangelist, and fulfill your ministry.",evangelist,67,77
bible,2KI,18:04,"He removed the high places, and broke the pillars, and cut down the Asherah: and he broke in pieces the bronze serpent that Moses had made; for in those days the children of Israel burned incense to it; and he called it Nehushtan.",incense,188,195
bible,NUM,01:05,These are the names of the men who shall stand with you: Of Reuben: Elizur the son of Shedeur.,names,14,19
bible,LAM,04:03,"Even the jackals draw out the breast, they nurse their young ones: The daughter of my people has become cruel, like the ostriches in the wilderness.",ostriches,120,129
bible,LEV,11:22,"Even of these you may eat: any kind of locust, any kind of katydid, any kind of cricket, and any kind of grasshopper.",katydid,59,66
bible,1CH,18:02,"He struck Moab; and the Moabites became servants to David, and brought tribute.",tribute,71,78
bible,LEV,11:42,"Whatever goes on its belly, and whatever goes on all fours, or whatever has many feet, even all creeping things that creep on the earth, them you shall not eat; for they are an abomination.",feet,81,85
bible,LUK,07:28,"""For I tell you, among those who are born of women there is not a greater prophet than John the Baptizer, yet he who is least in the Kingdom of God is greater than he.""",John,87,91
bible,PSA,103:18:00,"to those who keep his covenant, to those who remember to obey his precepts.",precepts,66,74
bible,2KI,12:07,"Now therefore take no more money from your treasurers, but deliver it for the breaches of the house.""",breaches,222,230
bible,MAT,13:55,"Isn't his mother called Mary, and his brothers, James, Joses, Simon, and Judas ?",Simon,94,99
bible,2CH,02:04,"Behold, I am about to build a house for the name of Yahweh my God, to dedicate it to him, and to burn before him incense of sweet spices, and for the continual show bread, and for the burnt offerings morning and evening, on the Sabbaths, and on the new moons, and on the set feasts of Yahweh our God.",Sabbaths,228,236
bible,EXO,33:21:00,"Yahweh also said, ""Behold, there is a place by me, and you shall stand on the rock.",rock,78,82
bible,EZE,17:12,"Say now to the rebellious house, Don't you know what these things mean?",things,59,65
bible,JOB,22:05,Neither is there any end to your iniquities.,iniquities,62,72
bible,LUK,08:10,"He said, ""To you it is given to know the mysteries of the Kingdom of God, but to the rest in parables; that 'seeing they may not see, and hearing they may not understand.'",parables,93,101
bible,LEV,26:31:00,"I will lay your cities waste, and will bring your sanctuaries to desolation, and I will not take delight in the sweet fragrance of your offerings.",sanctuaries,50,61
bible,ISA,29:08:00,The multitude of all the nations that fight against Mount Zion will be like that.,Zion,291,295
bible,LUK,02:36,"There was one Anna, a prophetess, the daughter of Phanuel, of the tribe of Asher (she was of a great age, having lived with a husband seven years from her virginity,",virginity,155,164
bible,JER,51:57:00,"I will make drunk her princes and her wise men, her governors and her deputies, and her mighty men; and they shall sleep a perpetual sleep, and not wake up, says the King, whose name is Yahweh of Armies.",governors,52,61
bible,2KI,20:16,"Isaiah said to Hezekiah, ""Hear the word of Yahweh.",word,35,39
bible,NUM,12:08,"Why then were you not afraid to speak against my servant, against Moses?""",servant,153,160
bible,JOS,19:14,The border turned around it on the north to Hannathon; and it ended at the valley of Iphtah El;,valley,75,81
bible,DAN,04:19,"Then Daniel, whose name was Belteshazzar, was stricken mute for a while, and his thoughts troubled him.",Daniel,5,11
bible,NUM,22:07,"The elders of Moab and the elders of Midian departed with the rewards of divination in their hand; and they came to Balaam, and spoke to him the words of Balak.",divination,73,83
bible,COL,02:02,"that their hearts may be comforted, they being knit together in love, and gaining all riches of the full assurance of understanding, that they may know the mystery of God, both of the Father and of Christ,",hearts,11,17
bible,EZE,03:12,"Then the Spirit lifted me up, and I heard behind me the voice of a great rushing, saying, Blessed be the glory of Yahweh from his place.",glory,105,110
bible,ROM,12:01,"Therefore I urge you, brothers, by the mercies of God, to present your bodies a living sacrifice, holy, acceptable to God, which is your spiritual service.",mercies,39,46
bible,NUM,26:28:00,The sons of Joseph after their families: Manasseh and Ephraim.,Joseph,12,18
bible,LUK,0.086111111,"His mouth was opened immediately, and his tongue freed, and he spoke, blessing God.",tongue,42,48
bible,JER,18:12,"But they say, It is in vain; for we will walk after our own devices, and we will do everyone after the stubbornness of his evil heart.",stubbornness,103,115
bible,GEN,41:14:00,"Then Pharaoh sent and called Joseph, and they brought him hastily out of the dungeon.",dungeon,77,84
bible,JER,31:37:00,"Thus says Yahweh: If heaven above can be measured, and the foundations of the earth searched out beneath, then will I also cast off all the seed of Israel for all that they have done, says Yahweh.",foundations,59,70
bible,NUM,15:05,"and wine for the drink offering, the fourth part of a hin, you shall prepare with the burnt offering, or for the sacrifice, for each lamb.",hin,54,57
bible,EST,09:03,"All the princes of the provinces, the satraps, the governors, and those who did the king's business helped the Jews, because the fear of Mordecai had fallen on them.",princes,8,15
bible,ISA,37:29:00,"Because of your raging against me, and because your arrogance has come up into my ears, therefore will I put my hook in your nose and my bridle in your lips, and I will turn you back by the way by which you came.",lips,152,156
bible,PSA,71:13:00,Let my accusers be disappointed and consumed.,accusers,7,15
bible,ZEC,14:21,In that day there will no longer be a Canaanite in the house of Yahweh of Armies.,Canaanite,187,196
bible,JOS,22:34,"The children of Reuben and the children of Gad named the altar ""A Witness Between Us that Yahweh is God.""",Gad,43,46
bible,ECC,11:10,"Therefore remove sorrow from your heart, and put away evil from your flesh; for youth and the dawn of life are vanity.",youth,80,85
bible,DEU,05:15,"You shall remember that you were a servant in the land of Egypt, and Yahweh your God brought you out of there by a mighty hand and by an outstretched arm: therefore Yahweh your God commanded you to keep the Sabbath day.",servant,35,42
bible,1CH,20:04,"It happened after this, that there arose war at Gezer with the Philistines: then Sibbecai the Hushathite killed Sippai, of the sons of the giant; and they were subdued.",Philistines,63,74
bible,HAB,03:02,"In wrath, you remember mercy.",mercy,180,185
bible,1SA,04:19,"When she heard the news that the ark of God was taken, and that her father-in-law and her husband were dead, she bowed herself and gave birth; for her pains came on her.",husband,165,172
bible,ZEC,11:01,"Open your doors, Lebanon, that the fire may devour your cedars.",cedars,56,62
bible,EZE,27:27:00,"Your riches, and your wares, your merchandise, your mariners, and your pilots, your repairers of ship seams, and the dealers in your merchandise, and all your men of war, who are in you, with all your company which is in the midst of you, shall fall into the heart of the seas in the day of your ruin.",seas,272,276
bible,GAL,01:13,"For you have heard of my way of living in time past in the Jews' religion, how that beyond measure I persecuted the assembly of God, and ravaged it.",assembly,116,124
bible,PSA,74:01:00,<<A contemplation by Asaph.,contemplation,4,17
bible,LEV,19:27,"""'You shall not cut the hair on the sides of your heads, neither shall you clip off the edge of your beard.",beard,101,106
bible,2KI,22:06,"to the carpenters, and to the builders, and to the masons, and for buying timber and cut stone to repair the house.",masons,51,57
bible,REV,04:03,"There was a rainbow around the throne, like an emerald to look at.",throne,78,84
bible,JOH,06:26,"Jesus answered them, ""Most certainly I tell you, you seek me, not because you saw signs, but because you ate of the loaves, and were filled.",signs,82,87
bible,GEN,45:25:00,"They went up out of Egypt, and came into the land of Canaan, to Jacob their father.",Canaan,53,59
bible,GEN,01:10,"God called the dry land ""earth,"" and the gathering together of the waters he called ""seas.""",seas,85,89
bible,PSA,107:33:00,"He turns rivers into a desert, water springs into a thirsty ground,",springs,37,44
bible,2SA,21:20,"There was again war at Gath, where there was a man of great stature, who had on every hand six fingers, and on every foot six toes, four and twenty in number; and he also was born to the giant.",war,16,19
bible,JOB,34:21:00,He sees all his goings.,goings,56,62
bible,GEN,30:36:00,"He set three days' journey between himself and Jacob, and Jacob fed the rest of Laban's flocks.",journey,19,26
bible,ISA,32:11:00,"Strip yourselves, make yourselves naked, and put sackcloth on your waist.",sackcloth,117,126
bible,ISA,08:02,"and I will take for myself faithful witnesses to testify: Uriah the priest, and Zechariah the son of Jeberechiah.""",Zechariah,80,89
bible,NUM,09:08,"Moses answered them, ""Wait, that I may hear what Yahweh will command concerning you.""",Moses,0,5
bible,PSA,68:25:00,"The singers went before, the minstrels followed after, in the midst of the ladies playing with tambourines,",minstrels,29,38
bible,REV,04:05,"There were seven lamps of fire burning before his throne, which are the seven Spirits of God.",lamps,77,82
bible,JOE,01:17,The seeds rot under their clods.,clods,26,31
bible,PHI,03:06,"concerning zeal, persecuting the assembly; concerning the righteousness which is in the law, found blameless.",law,88,91
bible,2KI,17:29,"However every nation made gods of their own, and put them in the houses of the high places which the Samaritans had made, every nation in their cities in which they lived.",gods,26,30
bible,PSA,119:40:00,"Behold, I long for your precepts!",precepts,24,32
bible,NUM,03:06,"""Bring the tribe of Levi near, and set them before Aaron the priest, that they may minister to him.",minister,83,91
bible,ECC,07:26,"I find more bitter than death the woman whose heart is snares and traps, whose hands are chains.",snares,55,61
bible,ISA,14:25,"Then his yoke will leave them, and his burden leave their shoulders.",yoke,94,98
bible,PRO,11:13,"One who brings gossip betrays a confidence, but one who is of a trustworthy spirit is one who keeps a secret.",confidence,32,42
bible,DEU,28:48:00,"therefore you shall serve your enemies whom Yahweh shall send against you, in hunger, and in thirst, and in nakedness, and in want of all things: and he shall put a yoke of iron on your neck, until he has destroyed you.",nakedness,108,117
bible,JOS,09:23,"Now therefore you are cursed, and some of you will never fail to be bondservants, both wood cutters and drawers of water for the house of my God.""",cutters,92,99
bible,PSA,65:12:00,The wilderness grasslands overflow.,overflow,26,34
bible,MAR,11:28,"Or who gave you this authority to do these things?""",things,116,122
bible,EXO,02:03,"She put the child in it, and laid it in the reeds by the river's bank.",reeds,153,158
bible,2CH,23:14,"Jehoiada the priest brought out the captains of hundreds who were set over the army, and said to them, ""Bring her out between the ranks; and whoever follows her, let him be slain with the sword.""",hundreds,48,56
bible,1SA,02:16,"If the man said to him, ""Let the fat be burned first, and then take as much as your soul desires""; then he would say, ""No, but you shall give it to me now; and if not, I will take it by force.""",desires,89,96
bible,NUM,06:14,"and he shall offer his offering to Yahweh, one male lamb a year old without blemish for a burnt offering, and one ewe lamb a year old without blemish for a sin offering, and one ram without blemish for peace offerings,",ewe,114,117
bible,NEH,01:04,"It happened, when I heard these words, that I sat down and wept, and mourned certain days; and I fasted and prayed before the God of heaven,",heaven,133,139
bible,EZE,43:02:00,"Behold, the glory of the God of Israel came from the way of the east: and his voice was like the sound of many waters; and the earth shined with his glory.",sound,97,102
bible,EZE,48:05:00,"By the border of Manasseh, from the east side to the west side, Ephraim, one [portion].",portion,78,85
bible,1KI,03:15,"Then he came to Jerusalem, and stood before the ark of the covenant of Yahweh, and offered up burnt offerings, offered peace offerings, and made a feast to all his servants.",feast,190,195
bible,JER,13:18,"Say to the king and to the queen mother, Humble yourselves, sit down; for your headdresses have come down, even the crown of your glory.",headdresses,79,90
bible,2CH,34:03:00,"For in the eighth year of his reign, while he was yet young, he began to seek after the God of David his father; and in the twelfth year he began to purge Judah and Jerusalem from the high places, and the Asherim, and the engraved images, and the molten images.",reign,30,35
bible,PSA,136:03:00,Give thanks to the Lord of lords; for his loving kindness endures forever:,kindness,49,57
bible,MAT,13:01,"On that day Jesus went out of the house, and sat by the seaside.",seaside,56,63
bible,PRO,15:23,Joy comes to a man with the reply of his mouth.,reply,28,33
bible,EZE,47:13:00,"Thus says the Lord Yahweh: This shall be the border, by which you shall divide the land for inheritance according to the twelve tribes of Israel: Joseph [shall have two] portions.",Joseph,146,152
bible,2SA,16:01,"When David was a little past the top, behold, Ziba the servant of Mephibosheth met him, with a couple of donkeys saddled, and on them two hundred loaves of bread, and one hundred clusters of raisins, and one hundred summer fruits, and a bottle of wine.",David,5,10
bible,EZE,02:06,"You, son of man, don't be afraid of them, neither be afraid of their words, though briers and thorns are with you, and you do dwell among scorpions: don't be afraid of their words, nor be dismayed at their looks, though they are a rebellious house.",looks,206,211
bible,EXO,38:28:00,"Of the one thousand seven hundred seventy-five shekels he made hooks for the pillars, overlaid their capitals, and made fillets for them.",shekels,47,54
bible,EXO,30:21:00,"So they shall wash their hands and their feet, that they not die: and it shall be a statute forever to them, even to him and to his descendants throughout their generations.""",descendants,132,143
bible,EXO,03:02,The angel of Yahweh appeared to him in a flame of fire out of the midst of a bush.,midst,66,71
bible,LUK,23:37,"and saying, ""If you are the King of the Jews, save yourself!""",King,28,32
bible,EZE,19:08,Then the nations set against him on every side from the provinces; and they spread their net over him; he was taken in their pit.,side,42,46
bible,EXO,29:12:00,"You shall take of the blood of the bull, and put it on the horns of the altar with your finger; and you shall pour out all the blood at the base of the altar.",finger,88,94
bible,2CH,19:08,"Moreover in Jerusalem Jehoshaphat appointed Levites and priests, and of the heads of the fathers' households of Israel, for the judgment of Yahweh, and for controversies.",controversies,156,169
bible,JAM,02:09,"But if you show partiality, you commit sin, being convicted by the law as transgressors.",partiality,16,26
bible,JOS,10:13,"The sun stayed in the midst of the sky, and didn't hurry to go down about a whole day.",midst,164,169
bible,1KI,20:33,Then Ben Hadad came out to him; and he caused him to come up into the chariot.,chariot,208,215
bible,MAR,02:14,"As he passed by, he saw Levi, the son of Alphaeus, sitting at the tax office, and he said to him, ""Follow me.""",tax,66,69
bible,GEN,22:20,"It happened after these things, that it was told Abraham, saying, ""Behold, Milcah, she also has borne children to your brother Nahor:",brother,119,126
bible,MAR,13:34,"""It is like a man, traveling to another country, having left his house, and given authority to his servants, and to each one his work, and also commanded the doorkeeper to keep watch.",doorkeeper,158,168
bible,1CO,14:34,"let your wives keep silent in the assemblies, for it has not been permitted for them to speak; but let them be in subjection, as the law also says.",assemblies,34,44
bible,1SA,17:34,"David said to Saul, ""Your servant was keeping his father's sheep; and when a lion or a bear came, and took a lamb out of the flock,",lion,77,81
bible,2SA,14:07,"Behold, the whole family has risen against your handmaid, and they say, 'Deliver him who struck his brother, that we may kill him for the life of his brother whom he killed, and so destroy the heir also.'",handmaid,48,56
bible,EZE,05:05,"Thus says the Lord Yahweh: This is Jerusalem; I have set her in the midst of the nations, and countries are around her.",nations,81,88
bible,JDG,04:18,"Jael went out to meet Sisera, and said to him, ""Turn in, my lord, turn in to me; don't be afraid.""",turn,66,70
bible,NEH,09:22,"Moreover you gave them kingdoms and peoples, which you allotted according to their portions.",portions,83,91
bible,LAM,02:06,"He has violently taken away his tabernacle, as if it were of a garden; he has destroyed his place of assembly: Yahweh has caused solemn assembly and Sabbath to be forgotten in Zion, Has despised in the indignation of his anger the king and the priest.",priest,244,250
bible,HOS,10:11,Jacob will break his clods.,clods,163,168
bible,1KI,08:01,"Then Solomon assembled the elders of Israel, and all the heads of the tribes, the princes of the fathers' households of the children of Israel, to king Solomon in Jerusalem, to bring up the ark of the covenant of Yahweh out of the city of David, which is Zion.",princes,82,89
bible,ACT,28:16:00,"When we entered into Rome, the centurion delivered the prisoners to the captain of the guard, but Paul was allowed to stay by himself with the soldier who guarded him.",Rome,21,25
bible,EXO,10:23,"They didn't see one another, neither did anyone rise from his place for three days; but all the children of Israel had light in their dwellings.",dwellings,134,143
bible,JOH,15:05,You are the branches.,branches,27,35
bible,DEU,29:02:00,"Moses called to all Israel, and said to them, You have seen all that Yahweh did before your eyes in the land of Egypt to Pharaoh, and to all his servants, and to all his land;",servants,145,153
bible,EZR,02:02,"who came with Zerubbabel, Jeshua, Nehemiah, Seraiah, Reelaiah, Mordecai, Bilshan, Mispar, Bigvai, Rehum, Baanah.",Nehemiah,34,42
bible,GEN,47:05:00,"Pharaoh spoke to Joseph, saying, ""Your father and your brothers have come to you.",Pharaoh,0,7
bible,ACT,20:09,"A certain young man named Eutychus sat in the window, weighed down with deep sleep.",window,46,52
bible,1SA,12:20,"You have indeed done all this evil; yet don't turn aside from following Yahweh, but serve Yahweh with all your heart.",heart,156,161
bible,GEN,37:32:00,"Examine it, now, whether it is your son's coat or not.""",coat,145,149
bible,PSA,119:78,I will meditate on your precepts.,precepts,95,103
bible,ROM,12:20,"If he is thirsty, give him a drink; for in doing so, you will heap coals of fire on his head.""",coals,113,118
bible,JOB,12:04,"I am like one who is a joke to his neighbor, I, who called on God, and he answered.",neighbor,35,43
bible,JON,02:09,But I will sacrifice to you with the voice of thanksgiving.,thanksgiving,46,58
bible,DEU,29:20:00,"Yahweh will not pardon him, but then the anger of Yahweh and his jealousy will smoke against that man, and all the curse that is written in this book shall lie on him, and Yahweh will blot out his name from under the sky.",jealousy,65,73
